"";"date";"riding_id";"riding_name";"party";"pred";"moes"
"1";2022-08-22;1001;"Abitibi-Est";"CAQ";0,521;0,082
"2";2022-08-22;1001;"Abitibi-Est";"PCQ";0,134;0,05
"3";2022-08-22;1001;"Abitibi-Est";"QS";0,129;0,048
"4";2022-08-22;1001;"Abitibi-Est";"PQ";0,111;0,044
"5";2022-08-22;1001;"Abitibi-Est";"PLQ";0,089;0,038
"6";2022-08-22;1002;"Abitibi-Ouest";"CAQ";0,467;0,082
"7";2022-08-22;1002;"Abitibi-Ouest";"PQ";0,188;0,059
"8";2022-08-22;1002;"Abitibi-Ouest";"PCQ";0,139;0,05
"9";2022-08-22;1002;"Abitibi-Ouest";"QS";0,138;0,049
"10";2022-08-22;1002;"Abitibi-Ouest";"PLQ";0,054;0,028
"11";2022-08-22;1003;"Acadie";"PLQ";0,453;0,078
"12";2022-08-22;1003;"Acadie";"CAQ";0,273;0,064
"13";2022-08-22;1003;"Acadie";"QS";0,121;0,04
"14";2022-08-22;1003;"Acadie";"PCQ";0,083;0,031
"15";2022-08-22;1003;"Acadie";"PQ";0,051;0,022
"16";2022-08-22;1004;"Anjou–Louis-Riel";"CAQ";0,369;0,073
"17";2022-08-22;1004;"Anjou–Louis-Riel";"PLQ";0,326;0,073
"18";2022-08-22;1004;"Anjou–Louis-Riel";"QS";0,123;0,042
"19";2022-08-22;1004;"Anjou–Louis-Riel";"PCQ";0,083;0,033
"20";2022-08-22;1004;"Anjou–Louis-Riel";"PQ";0,081;0,032
"21";2022-08-22;1005;"Argenteuil";"CAQ";0,529;0,076
"22";2022-08-22;1005;"Argenteuil";"PCQ";0,129;0,045
"23";2022-08-22;1005;"Argenteuil";"PQ";0,126;0,044
"24";2022-08-22;1005;"Argenteuil";"QS";0,104;0,038
"25";2022-08-22;1005;"Argenteuil";"PLQ";0,093;0,036
"26";2022-08-22;1006;"Arthabaska";"CAQ";0,647;0,069
"27";2022-08-22;1006;"Arthabaska";"PCQ";0,129;0,043
"28";2022-08-22;1006;"Arthabaska";"QS";0,101;0,036
"29";2022-08-22;1006;"Arthabaska";"PLQ";0,054;0,023
"30";2022-08-22;1006;"Arthabaska";"PQ";0,053;0,023
"31";2022-08-22;1007;"Beauce-Nord";"CAQ";0,437;0,084
"32";2022-08-22;1007;"Beauce-Nord";"PCQ";0,392;0,085
"33";2022-08-22;1007;"Beauce-Nord";"PLQ";0,074;0,032
"34";2022-08-22;1007;"Beauce-Nord";"QS";0,055;0,027
"35";2022-08-22;1007;"Beauce-Nord";"PQ";0,029;0,018
"36";2022-08-22;1008;"Beauce-Sud";"CAQ";0,427;0,081
"37";2022-08-22;1008;"Beauce-Sud";"PCQ";0,387;0,083
"38";2022-08-22;1008;"Beauce-Sud";"PLQ";0,097;0,036
"39";2022-08-22;1008;"Beauce-Sud";"QS";0,045;0,022
"40";2022-08-22;1008;"Beauce-Sud";"PQ";0,029;0,017
"41";2022-08-22;1009;"Beauharnois";"CAQ";0,571;0,076
"42";2022-08-22;1009;"Beauharnois";"PQ";0,121;0,043
"43";2022-08-22;1009;"Beauharnois";"PCQ";0,119;0,043
"44";2022-08-22;1009;"Beauharnois";"QS";0,119;0,042
"45";2022-08-22;1009;"Beauharnois";"PLQ";0,058;0,027
"46";2022-08-22;1010;"Bellechasse";"CAQ";0,467;0,081
"47";2022-08-22;1010;"Bellechasse";"PCQ";0,29;0,074
"48";2022-08-22;1010;"Bellechasse";"PLQ";0,127;0,045
"49";2022-08-22;1010;"Bellechasse";"QS";0,06;0,028
"50";2022-08-22;1010;"Bellechasse";"PQ";0,044;0,023
"51";2022-08-22;1011;"Berthier";"CAQ";0,553;0,074
"52";2022-08-22;1011;"Berthier";"PQ";0,16;0,049
"53";2022-08-22;1011;"Berthier";"QS";0,12;0,04
"54";2022-08-22;1011;"Berthier";"PCQ";0,111;0,039
"55";2022-08-22;1011;"Berthier";"PLQ";0,035;0,018
"56";2022-08-22;1012;"Bertrand";"CAQ";0,534;0,076
"57";2022-08-22;1012;"Bertrand";"QS";0,143;0,047
"58";2022-08-22;1012;"Bertrand";"PQ";0,131;0,044
"59";2022-08-22;1012;"Bertrand";"PCQ";0,114;0,041
"60";2022-08-22;1012;"Bertrand";"PLQ";0,063;0,027
"61";2022-08-22;1013;"Blainville";"CAQ";0,588;0,073
"62";2022-08-22;1013;"Blainville";"QS";0,123;0,041
"63";2022-08-22;1013;"Blainville";"PCQ";0,109;0,038
"64";2022-08-22;1013;"Blainville";"PLQ";0,091;0,034
"65";2022-08-22;1013;"Blainville";"PQ";0,076;0,03
"66";2022-08-22;1014;"Bonaventure";"CAQ";0,295;0,072
"67";2022-08-22;1014;"Bonaventure";"PQ";0,275;0,072
"68";2022-08-22;1014;"Bonaventure";"PLQ";0,17;0,056
"69";2022-08-22;1014;"Bonaventure";"QS";0,167;0,055
"70";2022-08-22;1014;"Bonaventure";"PCQ";0,077;0,035
"71";2022-08-22;1015;"Borduas";"CAQ";0,539;0,075
"72";2022-08-22;1015;"Borduas";"PCQ";0,146;0,047
"73";2022-08-22;1015;"Borduas";"QS";0,128;0,042
"74";2022-08-22;1015;"Borduas";"PQ";0,119;0,04
"75";2022-08-22;1015;"Borduas";"PLQ";0,053;0,024
"76";2022-08-22;1016;"Bourassa-Sauvé";"PLQ";0,38;0,075
"77";2022-08-22;1016;"Bourassa-Sauvé";"CAQ";0,323;0,069
"78";2022-08-22;1016;"Bourassa-Sauvé";"QS";0,121;0,04
"79";2022-08-22;1016;"Bourassa-Sauvé";"PCQ";0,095;0,034
"80";2022-08-22;1016;"Bourassa-Sauvé";"PQ";0,06;0,025
"81";2022-08-22;1016;"Bourassa-Sauvé";"PVQ";0,011;0,01
"82";2022-08-22;1017;"Bourget";"CAQ";0,346;0,07
"83";2022-08-22;1017;"Bourget";"QS";0,257;0,064
"84";2022-08-22;1017;"Bourget";"PQ";0,199;0,055
"85";2022-08-22;1017;"Bourget";"PLQ";0,119;0,04
"86";2022-08-22;1017;"Bourget";"PCQ";0,055;0,024
"87";2022-08-22;1017;"Bourget";"PVQ";0,013;0,012
"88";2022-08-22;1018;"Brome-Missisquoi";"CAQ";0,502;0,075
"89";2022-08-22;1018;"Brome-Missisquoi";"PLQ";0,184;0,053
"90";2022-08-22;1018;"Brome-Missisquoi";"QS";0,141;0,045
"91";2022-08-22;1018;"Brome-Missisquoi";"PCQ";0,098;0,035
"92";2022-08-22;1018;"Brome-Missisquoi";"PQ";0,061;0,025
"93";2022-08-22;1019;"Chambly";"CAQ";0,545;0,076
"94";2022-08-22;1019;"Chambly";"QS";0,142;0,047
"95";2022-08-22;1019;"Chambly";"PCQ";0,127;0,044
"96";2022-08-22;1019;"Chambly";"PQ";0,104;0,038
"97";2022-08-22;1019;"Chambly";"PLQ";0,061;0,027
"98";2022-08-22;1020;"Champlain";"CAQ";0,595;0,072
"99";2022-08-22;1020;"Champlain";"PCQ";0,129;0,043
"100";2022-08-22;1020;"Champlain";"QS";0,105;0,037
"101";2022-08-22;1020;"Champlain";"PLQ";0,088;0,033
"102";2022-08-22;1020;"Champlain";"PQ";0,068;0,028
"103";2022-08-22;1021;"Chapleau";"CAQ";0,415;0,074
"104";2022-08-22;1021;"Chapleau";"PLQ";0,266;0,065
"105";2022-08-22;1021;"Chapleau";"PCQ";0,129;0,042
"106";2022-08-22;1021;"Chapleau";"QS";0,127;0,041
"107";2022-08-22;1021;"Chapleau";"PQ";0,05;0,023
"108";2022-08-22;1022;"Charlesbourg";"CAQ";0,427;0,075
"109";2022-08-22;1022;"Charlesbourg";"PCQ";0,283;0,069
"110";2022-08-22;1022;"Charlesbourg";"QS";0,106;0,037
"111";2022-08-22;1022;"Charlesbourg";"PLQ";0,105;0,036
"112";2022-08-22;1022;"Charlesbourg";"PQ";0,066;0,027
"113";2022-08-22;1023;"Charlevoix–Côte-de-Beaupré";"CAQ";0,442;0,076
"114";2022-08-22;1023;"Charlevoix–Côte-de-Beaupré";"PCQ";0,223;0,061
"115";2022-08-22;1023;"Charlevoix–Côte-de-Beaupré";"PQ";0,111;0,039
"116";2022-08-22;1023;"Charlevoix–Côte-de-Beaupré";"QS";0,106;0,038
"117";2022-08-22;1023;"Charlevoix–Côte-de-Beaupré";"PLQ";0,106;0,037
"118";2022-08-22;1024;"Châteauguay";"CAQ";0,406;0,075
"119";2022-08-22;1024;"Châteauguay";"PLQ";0,255;0,065
"120";2022-08-22;1024;"Châteauguay";"QS";0,143;0,046
"121";2022-08-22;1024;"Châteauguay";"PCQ";0,112;0,039
"122";2022-08-22;1024;"Châteauguay";"PQ";0,068;0,028
"123";2022-08-22;1025;"Chauveau";"CAQ";0,384;0,075
"124";2022-08-22;1025;"Chauveau";"PCQ";0,35;0,076
"125";2022-08-22;1025;"Chauveau";"PLQ";0,107;0,037
"126";2022-08-22;1025;"Chauveau";"QS";0,084;0,032
"127";2022-08-22;1025;"Chauveau";"PQ";0,061;0,026
"128";2022-08-22;1026;"Chicoutimi";"CAQ";0,478;0,076
"129";2022-08-22;1026;"Chicoutimi";"PCQ";0,156;0,05
"130";2022-08-22;1026;"Chicoutimi";"PQ";0,14;0,046
"131";2022-08-22;1026;"Chicoutimi";"QS";0,108;0,039
"132";2022-08-22;1026;"Chicoutimi";"PLQ";0,102;0,038
"133";2022-08-22;1027;"Chomedey";"PLQ";0,458;0,078
"134";2022-08-22;1027;"Chomedey";"CAQ";0,288;0,066
"135";2022-08-22;1027;"Chomedey";"PCQ";0,135;0,043
"136";2022-08-22;1027;"Chomedey";"QS";0,06;0,025
"137";2022-08-22;1027;"Chomedey";"PQ";0,042;0,02
"138";2022-08-22;1028;"Chutes-de-la-Chaudière";"CAQ";0,485;0,078
"139";2022-08-22;1028;"Chutes-de-la-Chaudière";"PCQ";0,29;0,071
"140";2022-08-22;1028;"Chutes-de-la-Chaudière";"QS";0,09;0,033
"141";2022-08-22;1028;"Chutes-de-la-Chaudière";"PLQ";0,066;0,027
"142";2022-08-22;1028;"Chutes-de-la-Chaudière";"PQ";0,058;0,025
"143";2022-08-22;1029;"Côte-du-Sud";"CAQ";0,484;0,078
"144";2022-08-22;1029;"Côte-du-Sud";"PCQ";0,254;0,067
"145";2022-08-22;1029;"Côte-du-Sud";"PLQ";0,103;0,037
"146";2022-08-22;1029;"Côte-du-Sud";"QS";0,09;0,034
"147";2022-08-22;1029;"Côte-du-Sud";"PQ";0,057;0,026
"148";2022-08-22;1030;"D’Arcy-McGee";"PLQ";0,591;0,075
"149";2022-08-22;1030;"D’Arcy-McGee";"CAQ";0,158;0,046
"150";2022-08-22;1030;"D’Arcy-McGee";"QS";0,117;0,039
"151";2022-08-22;1030;"D’Arcy-McGee";"PCQ";0,09;0,033
"152";2022-08-22;1030;"D’Arcy-McGee";"PQ";0,021;0,013
"153";2022-08-22;1030;"D’Arcy-McGee";"PVQ";0,014;0,012
"154";2022-08-22;1031;"Deux-Montagnes";"CAQ";0,563;0,075
"155";2022-08-22;1031;"Deux-Montagnes";"PCQ";0,131;0,045
"156";2022-08-22;1031;"Deux-Montagnes";"QS";0,118;0,042
"157";2022-08-22;1031;"Deux-Montagnes";"PQ";0,11;0,04
"158";2022-08-22;1031;"Deux-Montagnes";"PLQ";0,064;0,028
"159";2022-08-22;1032;"Drummond–Bois-Francs";"CAQ";0,62;0,072
"160";2022-08-22;1032;"Drummond–Bois-Francs";"QS";0,12;0,042
"161";2022-08-22;1032;"Drummond–Bois-Francs";"PCQ";0,115;0,041
"162";2022-08-22;1032;"Drummond–Bois-Francs";"PQ";0,071;0,03
"163";2022-08-22;1032;"Drummond–Bois-Francs";"PLQ";0,061;0,027
"164";2022-08-22;1033;"Dubuc";"CAQ";0,524;0,079
"165";2022-08-22;1033;"Dubuc";"PLQ";0,127;0,046
"166";2022-08-22;1033;"Dubuc";"PQ";0,121;0,044
"167";2022-08-22;1033;"Dubuc";"PCQ";0,117;0,044
"168";2022-08-22;1033;"Dubuc";"QS";0,099;0,039
"169";2022-08-22;1034;"Duplessis";"CAQ";0,384;0,077
"170";2022-08-22;1034;"Duplessis";"PQ";0,253;0,068
"171";2022-08-22;1034;"Duplessis";"PCQ";0,144;0,05
"172";2022-08-22;1034;"Duplessis";"PLQ";0,106;0,041
"173";2022-08-22;1034;"Duplessis";"QS";0,1;0,039
"174";2022-08-22;1035;"Fabre";"CAQ";0,383;0,073
"175";2022-08-22;1035;"Fabre";"PLQ";0,329;0,072
"176";2022-08-22;1035;"Fabre";"PCQ";0,099;0,036
"177";2022-08-22;1035;"Fabre";"QS";0,097;0,035
"178";2022-08-22;1035;"Fabre";"PQ";0,076;0,03
"179";2022-08-22;1036;"Gaspé";"CAQ";0,293;0,074
"180";2022-08-22;1036;"Gaspé";"PQ";0,29;0,076
"181";2022-08-22;1036;"Gaspé";"PLQ";0,183;0,06
"182";2022-08-22;1036;"Gaspé";"QS";0,132;0,05
"183";2022-08-22;1036;"Gaspé";"PCQ";0,089;0,04
"184";2022-08-22;1037;"Gatineau";"CAQ";0,476;0,075
"185";2022-08-22;1037;"Gatineau";"PLQ";0,248;0,063
"186";2022-08-22;1037;"Gatineau";"QS";0,11;0,037
"187";2022-08-22;1037;"Gatineau";"PCQ";0,1;0,036
"188";2022-08-22;1037;"Gatineau";"PQ";0,052;0,023
"189";2022-08-22;1038;"Gouin";"QS";0,555;0,08
"190";2022-08-22;1038;"Gouin";"CAQ";0,228;0,061
"191";2022-08-22;1038;"Gouin";"PQ";0,085;0,034
"192";2022-08-22;1038;"Gouin";"PLQ";0,062;0,027
"193";2022-08-22;1038;"Gouin";"PCQ";0,054;0,025
"194";2022-08-22;1039;"Granby";"CAQ";0,615;0,073
"195";2022-08-22;1039;"Granby";"PCQ";0,15;0,049
"196";2022-08-22;1039;"Granby";"QS";0,113;0,04
"197";2022-08-22;1039;"Granby";"PQ";0,056;0,025
"198";2022-08-22;1039;"Granby";"PLQ";0,05;0,024
"199";2022-08-22;1040;"Groulx";"CAQ";0,551;0,075
"200";2022-08-22;1040;"Groulx";"QS";0,142;0,046
"201";2022-08-22;1040;"Groulx";"PLQ";0,103;0,037
"202";2022-08-22;1040;"Groulx";"PCQ";0,098;0,036
"203";2022-08-22;1040;"Groulx";"PQ";0,091;0,034
"204";2022-08-22;1041;"Hochelaga-Maisonneuve";"QS";0,487;0,082
"205";2022-08-22;1041;"Hochelaga-Maisonneuve";"CAQ";0,254;0,064
"206";2022-08-22;1041;"Hochelaga-Maisonneuve";"PQ";0,131;0,045
"207";2022-08-22;1041;"Hochelaga-Maisonneuve";"PCQ";0,065;0,028
"208";2022-08-22;1041;"Hochelaga-Maisonneuve";"PLQ";0,051;0,024
"209";2022-08-22;1042;"Hull";"CAQ";0,344;0,068
"210";2022-08-22;1042;"Hull";"PLQ";0,271;0,064
"211";2022-08-22;1042;"Hull";"QS";0,187;0,052
"212";2022-08-22;1042;"Hull";"PCQ";0,103;0,035
"213";2022-08-22;1042;"Hull";"PQ";0,079;0,029
"214";2022-08-22;1043;"Huntingdon";"CAQ";0,419;0,078
"215";2022-08-22;1043;"Huntingdon";"PLQ";0,265;0,069
"216";2022-08-22;1043;"Huntingdon";"PCQ";0,138;0,048
"217";2022-08-22;1043;"Huntingdon";"QS";0,101;0,039
"218";2022-08-22;1043;"Huntingdon";"PQ";0,061;0,028
"219";2022-08-22;1044;"Iberville";"CAQ";0,549;0,077
"220";2022-08-22;1044;"Iberville";"PCQ";0,139;0,047
"221";2022-08-22;1044;"Iberville";"QS";0,138;0,046
"222";2022-08-22;1044;"Iberville";"PQ";0,101;0,038
"223";2022-08-22;1044;"Iberville";"PLQ";0,058;0,026
"224";2022-08-22;1045;"Îles-de-la-Madeleine";"CAQ";0,315;0,107
"225";2022-08-22;1045;"Îles-de-la-Madeleine";"PQ";0,308;0,108
"226";2022-08-22;1045;"Îles-de-la-Madeleine";"PLQ";0,198;0,09
"227";2022-08-22;1045;"Îles-de-la-Madeleine";"QS";0,132;0,074
"228";2022-08-22;1045;"Îles-de-la-Madeleine";"PCQ";0,034;0,037
"229";2022-08-22;1046;"Jacques-Cartier";"PLQ";0,558;0,079
"230";2022-08-22;1046;"Jacques-Cartier";"PCQ";0,17;0,055
"231";2022-08-22;1046;"Jacques-Cartier";"CAQ";0,125;0,043
"232";2022-08-22;1046;"Jacques-Cartier";"QS";0,041;0,022
"233";2022-08-22;1046;"Jacques-Cartier";"PVQ";0,019;0,017
"234";2022-08-22;1046;"Jacques-Cartier";"PQ";0,016;0,013
"235";2022-08-22;1047;"Jean-Lesage";"QS";0,337;0,074
"236";2022-08-22;1047;"Jean-Lesage";"CAQ";0,332;0,071
"237";2022-08-22;1047;"Jean-Lesage";"PCQ";0,153;0,049
"238";2022-08-22;1047;"Jean-Lesage";"PLQ";0,084;0,033
"239";2022-08-22;1047;"Jean-Lesage";"PQ";0,077;0,031
"240";2022-08-22;1048;"Jean-Talon";"CAQ";0,362;0,069
"241";2022-08-22;1048;"Jean-Talon";"PLQ";0,204;0,055
"242";2022-08-22;1048;"Jean-Talon";"QS";0,203;0,055
"243";2022-08-22;1048;"Jean-Talon";"PCQ";0,123;0,04
"244";2022-08-22;1048;"Jean-Talon";"PQ";0,087;0,031
"245";2022-08-22;1048;"Jean-Talon";"PVQ";0,011;0,011
"246";2022-08-22;1049;"Jeanne-Mance–Viger";"PLQ";0,532;0,081
"247";2022-08-22;1049;"Jeanne-Mance–Viger";"CAQ";0,256;0,065
"248";2022-08-22;1049;"Jeanne-Mance–Viger";"PCQ";0,085;0,033
"249";2022-08-22;1049;"Jeanne-Mance–Viger";"QS";0,076;0,031
"250";2022-08-22;1049;"Jeanne-Mance–Viger";"PQ";0,031;0,018
"251";2022-08-22;1049;"Jeanne-Mance–Viger";"PVQ";0,011;0,011
"252";2022-08-22;1050;"Johnson";"CAQ";0,6;0,072
"253";2022-08-22;1050;"Johnson";"QS";0,143;0,046
"254";2022-08-22;1050;"Johnson";"PCQ";0,114;0,04
"255";2022-08-22;1050;"Johnson";"PQ";0,076;0,03
"256";2022-08-22;1050;"Johnson";"PLQ";0,052;0,023
"257";2022-08-22;1051;"Joliette";"CAQ";0,4;0,077
"258";2022-08-22;1051;"Joliette";"PQ";0,38;0,078
"259";2022-08-22;1051;"Joliette";"PCQ";0,092;0,035
"260";2022-08-22;1051;"Joliette";"QS";0,081;0,032
"261";2022-08-22;1051;"Joliette";"PLQ";0,032;0,018
"262";2022-08-22;1052;"Jonquière";"CAQ";0,416;0,078
"263";2022-08-22;1052;"Jonquière";"PQ";0,305;0,073
"264";2022-08-22;1052;"Jonquière";"PCQ";0,156;0,051
"265";2022-08-22;1052;"Jonquière";"QS";0,063;0,028
"266";2022-08-22;1052;"Jonquière";"PLQ";0,046;0,023
"267";2022-08-22;1053;"L’Assomption";"CAQ";0,608;0,074
"268";2022-08-22;1053;"L’Assomption";"QS";0,136;0,046
"269";2022-08-22;1053;"L’Assomption";"PCQ";0,122;0,044
"270";2022-08-22;1053;"L’Assomption";"PQ";0,082;0,033
"271";2022-08-22;1053;"L’Assomption";"PLQ";0,038;0,02
"272";2022-08-22;1054;"La Peltrie";"CAQ";0,467;0,082
"273";2022-08-22;1054;"La Peltrie";"PCQ";0,301;0,076
"274";2022-08-22;1054;"La Peltrie";"PLQ";0,08;0,033
"275";2022-08-22;1054;"La Peltrie";"QS";0,079;0,033
"276";2022-08-22;1054;"La Peltrie";"PQ";0,059;0,028
"277";2022-08-22;1055;"La Pinière";"PLQ";0,357;0,078
"278";2022-08-22;1055;"La Pinière";"CAQ";0,356;0,075
"279";2022-08-22;1055;"La Pinière";"PCQ";0,106;0,04
"280";2022-08-22;1055;"La Pinière";"QS";0,101;0,038
"281";2022-08-22;1055;"La Pinière";"PQ";0,063;0,028
"282";2022-08-22;1056;"La Prairie";"CAQ";0,558;0,073
"283";2022-08-22;1056;"La Prairie";"PLQ";0,143;0,045
"284";2022-08-22;1056;"La Prairie";"QS";0,111;0,038
"285";2022-08-22;1056;"La Prairie";"PQ";0,087;0,032
"286";2022-08-22;1056;"La Prairie";"PCQ";0,086;0,032
"287";2022-08-22;1057;"Labelle";"CAQ";0,512;0,075
"288";2022-08-22;1057;"Labelle";"PQ";0,194;0,054
"289";2022-08-22;1057;"Labelle";"QS";0,122;0,04
"290";2022-08-22;1057;"Labelle";"PCQ";0,105;0,037
"291";2022-08-22;1057;"Labelle";"PLQ";0,051;0,023
"292";2022-08-22;1058;"Lac-Saint-Jean";"CAQ";0,486;0,075
"293";2022-08-22;1058;"Lac-Saint-Jean";"PQ";0,176;0,052
"294";2022-08-22;1058;"Lac-Saint-Jean";"PCQ";0,138;0,045
"295";2022-08-22;1058;"Lac-Saint-Jean";"QS";0,118;0,04
"296";2022-08-22;1058;"Lac-Saint-Jean";"PLQ";0,069;0,028
"297";2022-08-22;1059;"LaFontaine";"PLQ";0,45;0,083
"298";2022-08-22;1059;"LaFontaine";"CAQ";0,329;0,075
"299";2022-08-22;1059;"LaFontaine";"PCQ";0,084;0,035
"300";2022-08-22;1059;"LaFontaine";"QS";0,078;0,033
"301";2022-08-22;1059;"LaFontaine";"PQ";0,047;0,024
"302";2022-08-22;1060;"Laporte";"CAQ";0,344;0,073
"303";2022-08-22;1060;"Laporte";"PLQ";0,308;0,072
"304";2022-08-22;1060;"Laporte";"QS";0,151;0,049
"305";2022-08-22;1060;"Laporte";"PCQ";0,1;0,038
"306";2022-08-22;1060;"Laporte";"PQ";0,073;0,031
"307";2022-08-22;1060;"Laporte";"PVQ";0,014;0,014
"308";2022-08-22;1061;"Laurier-Dorion";"QS";0,507;0,08
"309";2022-08-22;1061;"Laurier-Dorion";"PLQ";0,216;0,059
"310";2022-08-22;1061;"Laurier-Dorion";"CAQ";0,146;0,044
"311";2022-08-22;1061;"Laurier-Dorion";"PCQ";0,065;0,027
"312";2022-08-22;1061;"Laurier-Dorion";"PQ";0,045;0,021
"313";2022-08-22;1061;"Laurier-Dorion";"PVQ";0,011;0,011
"314";2022-08-22;1062;"Laval-des-Rapides";"CAQ";0,354;0,069
"315";2022-08-22;1062;"Laval-des-Rapides";"PLQ";0,274;0,065
"316";2022-08-22;1062;"Laval-des-Rapides";"QS";0,165;0,048
"317";2022-08-22;1062;"Laval-des-Rapides";"PCQ";0,099;0,035
"318";2022-08-22;1062;"Laval-des-Rapides";"PQ";0,085;0,031
"319";2022-08-22;1062;"Laval-des-Rapides";"PVQ";0,013;0,012
"320";2022-08-22;1063;"Laviolette-Saint-Maurice";"CAQ";0,543;0,074
"321";2022-08-22;1063;"Laviolette-Saint-Maurice";"PLQ";0,122;0,04
"322";2022-08-22;1063;"Laviolette-Saint-Maurice";"QS";0,121;0,04
"323";2022-08-22;1063;"Laviolette-Saint-Maurice";"PCQ";0,114;0,039
"324";2022-08-22;1063;"Laviolette-Saint-Maurice";"PQ";0,088;0,033
"325";2022-08-22;1064;"Les Plaines";"CAQ";0,585;0,078
"326";2022-08-22;1064;"Les Plaines";"PQ";0,133;0,048
"327";2022-08-22;1064;"Les Plaines";"PCQ";0,117;0,044
"328";2022-08-22;1064;"Les Plaines";"QS";0,111;0,043
"329";2022-08-22;1064;"Les Plaines";"PLQ";0,039;0,022
"330";2022-08-22;1065;"Lévis";"CAQ";0,451;0,079
"331";2022-08-22;1065;"Lévis";"PCQ";0,304;0,074
"332";2022-08-22;1065;"Lévis";"QS";0,094;0,036
"333";2022-08-22;1065;"Lévis";"PQ";0,069;0,029
"334";2022-08-22;1065;"Lévis";"PLQ";0,069;0,029
"335";2022-08-22;1066;"Lotbinière-Frontenac";"CAQ";0,449;0,078
"336";2022-08-22;1066;"Lotbinière-Frontenac";"PCQ";0,307;0,073
"337";2022-08-22;1066;"Lotbinière-Frontenac";"PLQ";0,099;0,036
"338";2022-08-22;1066;"Lotbinière-Frontenac";"QS";0,076;0,03
"339";2022-08-22;1066;"Lotbinière-Frontenac";"PQ";0,055;0,024
"340";2022-08-22;1067;"Louis-Hébert";"CAQ";0,46;0,078
"341";2022-08-22;1067;"Louis-Hébert";"PCQ";0,225;0,063
"342";2022-08-22;1067;"Louis-Hébert";"PLQ";0,125;0,043
"343";2022-08-22;1067;"Louis-Hébert";"QS";0,089;0,035
"344";2022-08-22;1067;"Louis-Hébert";"PQ";0,088;0,035
"345";2022-08-22;1068;"Marguerite-Bourgeoys";"PLQ";0,398;0,077
"346";2022-08-22;1068;"Marguerite-Bourgeoys";"CAQ";0,35;0,071
"347";2022-08-22;1068;"Marguerite-Bourgeoys";"QS";0,097;0,034
"348";2022-08-22;1068;"Marguerite-Bourgeoys";"PCQ";0,087;0,032
"349";2022-08-22;1068;"Marguerite-Bourgeoys";"PQ";0,047;0,021
"350";2022-08-22;1068;"Marguerite-Bourgeoys";"PVQ";0,013;0,012
"351";2022-08-22;1069;"Marie-Victorin";"CAQ";0,373;0,072
"352";2022-08-22;1069;"Marie-Victorin";"PQ";0,285;0,068
"353";2022-08-22;1069;"Marie-Victorin";"QS";0,166;0,05
"354";2022-08-22;1069;"Marie-Victorin";"PCQ";0,08;0,032
"355";2022-08-22;1069;"Marie-Victorin";"PLQ";0,069;0,028
"356";2022-08-22;1070;"Marquette";"PLQ";0,357;0,076
"357";2022-08-22;1070;"Marquette";"CAQ";0,349;0,073
"358";2022-08-22;1070;"Marquette";"QS";0,114;0,04
"359";2022-08-22;1070;"Marquette";"PCQ";0,069;0,029
"360";2022-08-22;1070;"Marquette";"PQ";0,063;0,027
"361";2022-08-22;1070;"Marquette";"PVQ";0,017;0,015
"362";2022-08-22;1071;"Maskinongé";"CAQ";0,51;0,079
"363";2022-08-22;1071;"Maskinongé";"PLQ";0,19;0,057
"364";2022-08-22;1071;"Maskinongé";"PCQ";0,114;0,042
"365";2022-08-22;1071;"Maskinongé";"QS";0,098;0,038
"366";2022-08-22;1071;"Maskinongé";"PQ";0,073;0,031
"367";2022-08-22;1072;"Masson";"CAQ";0,61;0,075
"368";2022-08-22;1072;"Masson";"QS";0,112;0,041
"369";2022-08-22;1072;"Masson";"PQ";0,111;0,041
"370";2022-08-22;1072;"Masson";"PCQ";0,101;0,039
"371";2022-08-22;1072;"Masson";"PLQ";0,051;0,025
"372";2022-08-22;1073;"Matane-Matapédia";"PQ";0,524;0,082
"373";2022-08-22;1073;"Matane-Matapédia";"CAQ";0,258;0,067
"374";2022-08-22;1073;"Matane-Matapédia";"PCQ";0,095;0,037
"375";2022-08-22;1073;"Matane-Matapédia";"PLQ";0,054;0,026
"376";2022-08-22;1073;"Matane-Matapédia";"QS";0,054;0,026
"377";2022-08-22;1074;"Maurice-Richard";"CAQ";0,315;0,067
"378";2022-08-22;1074;"Maurice-Richard";"QS";0,262;0,064
"379";2022-08-22;1074;"Maurice-Richard";"PLQ";0,216;0,058
"380";2022-08-22;1074;"Maurice-Richard";"PQ";0,105;0,037
"381";2022-08-22;1074;"Maurice-Richard";"PCQ";0,081;0,031
"382";2022-08-22;1074;"Maurice-Richard";"PVQ";0,011;0,011
"383";2022-08-22;1075;"Mégantic";"CAQ";0,547;0,079
"384";2022-08-22;1075;"Mégantic";"PLQ";0,138;0,048
"385";2022-08-22;1075;"Mégantic";"QS";0,13;0,047
"386";2022-08-22;1075;"Mégantic";"PCQ";0,098;0,04
"387";2022-08-22;1075;"Mégantic";"PQ";0,072;0,032
"388";2022-08-22;1076;"Mercier";"QS";0,569;0,077
"389";2022-08-22;1076;"Mercier";"CAQ";0,159;0,048
"390";2022-08-22;1076;"Mercier";"PLQ";0,105;0,037
"391";2022-08-22;1076;"Mercier";"PCQ";0,082;0,032
"392";2022-08-22;1076;"Mercier";"PQ";0,07;0,028
"393";2022-08-22;1077;"Mille-Îles";"CAQ";0,38;0,076
"394";2022-08-22;1077;"Mille-Îles";"PLQ";0,32;0,074
"395";2022-08-22;1077;"Mille-Îles";"QS";0,112;0,041
"396";2022-08-22;1077;"Mille-Îles";"PQ";0,086;0,034
"397";2022-08-22;1077;"Mille-Îles";"PCQ";0,084;0,034
"398";2022-08-22;1078;"Mirabel";"CAQ";0,618;0,072
"399";2022-08-22;1078;"Mirabel";"QS";0,125;0,042
"400";2022-08-22;1078;"Mirabel";"PQ";0,102;0,037
"401";2022-08-22;1078;"Mirabel";"PCQ";0,1;0,037
"402";2022-08-22;1078;"Mirabel";"PLQ";0,042;0,021
"403";2022-08-22;1079;"Mont-Royal -Outremont";"PLQ";0,453;0,079
"404";2022-08-22;1079;"Mont-Royal -Outremont";"CAQ";0,222;0,058
"405";2022-08-22;1079;"Mont-Royal -Outremont";"QS";0,152;0,047
"406";2022-08-22;1079;"Mont-Royal -Outremont";"PCQ";0,081;0,032
"407";2022-08-22;1079;"Mont-Royal -Outremont";"PQ";0,066;0,028
"408";2022-08-22;1079;"Mont-Royal -Outremont";"PVQ";0,016;0,014
"409";2022-08-22;1080;"Montarville";"CAQ";0,531;0,074
"410";2022-08-22;1080;"Montarville";"QS";0,137;0,044
"411";2022-08-22;1080;"Montarville";"PLQ";0,128;0,042
"412";2022-08-22;1080;"Montarville";"PQ";0,105;0,037
"413";2022-08-22;1080;"Montarville";"PCQ";0,087;0,033
"414";2022-08-22;1081;"Montmorency";"CAQ";0,446;0,073
"415";2022-08-22;1081;"Montmorency";"PCQ";0,266;0,065
"416";2022-08-22;1081;"Montmorency";"QS";0,106;0,035
"417";2022-08-22;1081;"Montmorency";"PLQ";0,089;0,031
"418";2022-08-22;1081;"Montmorency";"PQ";0,079;0,028
"419";2022-08-22;1082;"Nelligan";"PLQ";0,561;0,077
"420";2022-08-22;1082;"Nelligan";"CAQ";0,206;0,056
"421";2022-08-22;1082;"Nelligan";"PCQ";0,084;0,032
"422";2022-08-22;1082;"Nelligan";"QS";0,052;0,023
"423";2022-08-22;1082;"Nelligan";"PQ";0,031;0,017
"424";2022-08-22;1082;"Nelligan";"PVQ";0,016;0,013
"425";2022-08-22;1083;"Nicolet-Bécancour";"CAQ";0,618;0,076
"426";2022-08-22;1083;"Nicolet-Bécancour";"PCQ";0,117;0,045
"427";2022-08-22;1083;"Nicolet-Bécancour";"QS";0,099;0,04
"428";2022-08-22;1083;"Nicolet-Bécancour";"PQ";0,092;0,038
"429";2022-08-22;1083;"Nicolet-Bécancour";"PLQ";0,059;0,029
"430";2022-08-22;1084;"Notre-Dame-de-Grâce";"PLQ";0,562;0,076
"431";2022-08-22;1084;"Notre-Dame-de-Grâce";"CAQ";0,133;0,042
"432";2022-08-22;1084;"Notre-Dame-de-Grâce";"QS";0,1;0,036
"433";2022-08-22;1084;"Notre-Dame-de-Grâce";"PCQ";0,064;0,027
"434";2022-08-22;1084;"Notre-Dame-de-Grâce";"PQ";0,032;0,017
"435";2022-08-22;1084;"Notre-Dame-de-Grâce";"PVQ";0,019;0,016
"436";2022-08-22;1085;"Orford";"CAQ";0,485;0,079
"437";2022-08-22;1085;"Orford";"PLQ";0,172;0,054
"438";2022-08-22;1085;"Orford";"QS";0,145;0,049
"439";2022-08-22;1085;"Orford";"PCQ";0,113;0,042
"440";2022-08-22;1085;"Orford";"PQ";0,07;0,031
"441";2022-08-22;1086;"Papineau";"CAQ";0,537;0,074
"442";2022-08-22;1086;"Papineau";"PLQ";0,166;0,049
"443";2022-08-22;1086;"Papineau";"QS";0,122;0,04
"444";2022-08-22;1086;"Papineau";"PCQ";0,1;0,036
"445";2022-08-22;1086;"Papineau";"PQ";0,06;0,025
"446";2022-08-22;1087;"Pointe-aux-Trembles";"CAQ";0,516;0,079
"447";2022-08-22;1087;"Pointe-aux-Trembles";"PQ";0,187;0,057
"448";2022-08-22;1087;"Pointe-aux-Trembles";"QS";0,146;0,049
"449";2022-08-22;1087;"Pointe-aux-Trembles";"PCQ";0,08;0,034
"450";2022-08-22;1087;"Pointe-aux-Trembles";"PLQ";0,059;0,028
"451";2022-08-22;1088;"Pontiac";"PLQ";0,446;0,08
"452";2022-08-22;1088;"Pontiac";"CAQ";0,315;0,071
"453";2022-08-22;1088;"Pontiac";"PCQ";0,1;0,037
"454";2022-08-22;1088;"Pontiac";"QS";0,091;0,034
"455";2022-08-22;1088;"Pontiac";"PQ";0,033;0,018
"456";2022-08-22;1089;"Portneuf";"CAQ";0,47;0,081
"457";2022-08-22;1089;"Portneuf";"PCQ";0,269;0,071
"458";2022-08-22;1089;"Portneuf";"QS";0,091;0,037
"459";2022-08-22;1089;"Portneuf";"PLQ";0,09;0,036
"460";2022-08-22;1089;"Portneuf";"PQ";0,068;0,03
"461";2022-08-22;1090;"Prévost";"CAQ";0,563;0,077
"462";2022-08-22;1090;"Prévost";"PQ";0,145;0,049
"463";2022-08-22;1090;"Prévost";"QS";0,112;0,041
"464";2022-08-22;1090;"Prévost";"PCQ";0,108;0,041
"465";2022-08-22;1090;"Prévost";"PLQ";0,06;0,028
"466";2022-08-22;1091;"René-Lévesque";"CAQ";0,41;0,083
"467";2022-08-22;1091;"René-Lévesque";"PQ";0,33;0,08
"468";2022-08-22;1091;"René-Lévesque";"PCQ";0,098;0,041
"469";2022-08-22;1091;"René-Lévesque";"QS";0,086;0,038
"470";2022-08-22;1091;"René-Lévesque";"PLQ";0,063;0,031
"471";2022-08-22;1092;"Repentigny";"CAQ";0,608;0,073
"472";2022-08-22;1092;"Repentigny";"QS";0,124;0,042
"473";2022-08-22;1092;"Repentigny";"PQ";0,104;0,038
"474";2022-08-22;1092;"Repentigny";"PCQ";0,084;0,033
"475";2022-08-22;1092;"Repentigny";"PLQ";0,064;0,027
"476";2022-08-22;1093;"Richelieu";"CAQ";0,608;0,075
"477";2022-08-22;1093;"Richelieu";"PQ";0,127;0,045
"478";2022-08-22;1093;"Richelieu";"QS";0,111;0,041
"479";2022-08-22;1093;"Richelieu";"PCQ";0,084;0,035
"480";2022-08-22;1093;"Richelieu";"PLQ";0,052;0,025
"481";2022-08-22;1094;"Richmond";"CAQ";0,503;0,074
"482";2022-08-22;1094;"Richmond";"QS";0,181;0,052
"483";2022-08-22;1094;"Richmond";"PLQ";0,111;0,037
"484";2022-08-22;1094;"Richmond";"PQ";0,1;0,035
"485";2022-08-22;1094;"Richmond";"PCQ";0,086;0,032
"486";2022-08-22;1094;"Richmond";"PVQ";0,011;0,011
"487";2022-08-22;1095;"Rimouski";"CAQ";0,364;0,074
"488";2022-08-22;1095;"Rimouski";"PQ";0,303;0,072
"489";2022-08-22;1095;"Rimouski";"QS";0,187;0,055
"490";2022-08-22;1095;"Rimouski";"PCQ";0,071;0,03
"491";2022-08-22;1095;"Rimouski";"PLQ";0,059;0,027
"492";2022-08-22;1096;"Rivière-du-Loup–Témiscouata";"CAQ";0,459;0,077
"493";2022-08-22;1096;"Rivière-du-Loup–Témiscouata";"PLQ";0,236;0,063
"494";2022-08-22;1096;"Rivière-du-Loup–Témiscouata";"PCQ";0,104;0,038
"495";2022-08-22;1096;"Rivière-du-Loup–Témiscouata";"PQ";0,1;0,037
"496";2022-08-22;1096;"Rivière-du-Loup–Témiscouata";"QS";0,089;0,034
"497";2022-08-22;1097;"Robert-Baldwin";"PLQ";0,585;0,074
"498";2022-08-22;1097;"Robert-Baldwin";"CAQ";0,127;0,041
"499";2022-08-22;1097;"Robert-Baldwin";"PCQ";0,127;0,043
"500";2022-08-22;1097;"Robert-Baldwin";"QS";0,038;0,019
"501";2022-08-22;1097;"Robert-Baldwin";"PQ";0,032;0,017
"502";2022-08-22;1097;"Robert-Baldwin";"PVQ";0,011;0,01
"503";2022-08-22;1098;"Roberval";"CAQ";0,511;0,078
"504";2022-08-22;1098;"Roberval";"PLQ";0,168;0,053
"505";2022-08-22;1098;"Roberval";"PCQ";0,132;0,046
"506";2022-08-22;1098;"Roberval";"QS";0,1;0,038
"507";2022-08-22;1098;"Roberval";"PQ";0,076;0,032
"508";2022-08-22;1099;"Rosemont";"QS";0,329;0,071
"509";2022-08-22;1099;"Rosemont";"CAQ";0,282;0,063
"510";2022-08-22;1099;"Rosemont";"PQ";0,184;0,052
"511";2022-08-22;1099;"Rosemont";"PLQ";0,13;0,041
"512";2022-08-22;1099;"Rosemont";"PCQ";0,06;0,025
"513";2022-08-22;1100;"Rousseau";"CAQ";0,61;0,077
"514";2022-08-22;1100;"Rousseau";"PQ";0,147;0,051
"515";2022-08-22;1100;"Rousseau";"QS";0,106;0,041
"516";2022-08-22;1100;"Rousseau";"PCQ";0,1;0,04
"517";2022-08-22;1100;"Rousseau";"PLQ";0,024;0,017
"518";2022-08-22;1101;"Rouyn-Noranda–Témiscamingue";"CAQ";0,372;0,075
"519";2022-08-22;1101;"Rouyn-Noranda–Témiscamingue";"QS";0,327;0,075
"520";2022-08-22;1101;"Rouyn-Noranda–Témiscamingue";"PQ";0,109;0,04
"521";2022-08-22;1101;"Rouyn-Noranda–Témiscamingue";"PCQ";0,097;0,037
"522";2022-08-22;1101;"Rouyn-Noranda–Témiscamingue";"PLQ";0,076;0,032
"523";2022-08-22;1102;"Saint-François";"CAQ";0,384;0,071
"524";2022-08-22;1102;"Saint-François";"QS";0,243;0,061
"525";2022-08-22;1102;"Saint-François";"PLQ";0,162;0,048
"526";2022-08-22;1102;"Saint-François";"PCQ";0,101;0,036
"527";2022-08-22;1102;"Saint-François";"PQ";0,091;0,033
"528";2022-08-22;1103;"Saint-Henri–Sainte-Anne";"CAQ";0,289;0,063
"529";2022-08-22;1103;"Saint-Henri–Sainte-Anne";"PLQ";0,278;0,065
"530";2022-08-22;1103;"Saint-Henri–Sainte-Anne";"QS";0,275;0,065
"531";2022-08-22;1103;"Saint-Henri–Sainte-Anne";"PQ";0,07;0,027
"532";2022-08-22;1103;"Saint-Henri–Sainte-Anne";"PCQ";0,06;0,025
"533";2022-08-22;1103;"Saint-Henri–Sainte-Anne";"PVQ";0,018;0,015
"534";2022-08-22;1104;"Saint-Hyacinthe";"CAQ";0,604;0,071
"535";2022-08-22;1104;"Saint-Hyacinthe";"QS";0,132;0,043
"536";2022-08-22;1104;"Saint-Hyacinthe";"PCQ";0,098;0,035
"537";2022-08-22;1104;"Saint-Hyacinthe";"PQ";0,088;0,033
"538";2022-08-22;1104;"Saint-Hyacinthe";"PLQ";0,065;0,027
"539";2022-08-22;1105;"Saint-Jean";"CAQ";0,538;0,074
"540";2022-08-22;1105;"Saint-Jean";"PQ";0,172;0,051
"541";2022-08-22;1105;"Saint-Jean";"QS";0,117;0,039
"542";2022-08-22;1105;"Saint-Jean";"PCQ";0,099;0,035
"543";2022-08-22;1105;"Saint-Jean";"PLQ";0,058;0,024
"544";2022-08-22;1106;"Saint-Jérôme";"CAQ";0,537;0,074
"545";2022-08-22;1106;"Saint-Jérôme";"PQ";0,152;0,047
"546";2022-08-22;1106;"Saint-Jérôme";"PCQ";0,132;0,043
"547";2022-08-22;1106;"Saint-Jérôme";"QS";0,123;0,041
"548";2022-08-22;1106;"Saint-Jérôme";"PLQ";0,042;0,02
"549";2022-08-22;1107;"Saint-Laurent";"PLQ";0,518;0,078
"550";2022-08-22;1107;"Saint-Laurent";"CAQ";0,258;0,062
"551";2022-08-22;1107;"Saint-Laurent";"PCQ";0,084;0,031
"552";2022-08-22;1107;"Saint-Laurent";"QS";0,077;0,029
"553";2022-08-22;1107;"Saint-Laurent";"PQ";0,037;0,018
"554";2022-08-22;1107;"Saint-Laurent";"PVQ";0,016;0,013
"555";2022-08-22;1108;"Sainte-Marie–Saint-Jacques";"QS";0,525;0,08
"556";2022-08-22;1108;"Sainte-Marie–Saint-Jacques";"CAQ";0,203;0,056
"557";2022-08-22;1108;"Sainte-Marie–Saint-Jacques";"PLQ";0,116;0,04
"558";2022-08-22;1108;"Sainte-Marie–Saint-Jacques";"PQ";0,079;0,031
"559";2022-08-22;1108;"Sainte-Marie–Saint-Jacques";"PCQ";0,055;0,025
"560";2022-08-22;1108;"Sainte-Marie–Saint-Jacques";"PVQ";0,012;0,011
"561";2022-08-22;1109;"Sainte-Rose";"CAQ";0,415;0,074
"562";2022-08-22;1109;"Sainte-Rose";"PLQ";0,259;0,065
"563";2022-08-22;1109;"Sainte-Rose";"QS";0,133;0,043
"564";2022-08-22;1109;"Sainte-Rose";"PCQ";0,097;0,036
"565";2022-08-22;1109;"Sainte-Rose";"PQ";0,081;0,031
"566";2022-08-22;1110;"Sanguinet";"CAQ";0,563;0,078
"567";2022-08-22;1110;"Sanguinet";"PQ";0,138;0,048
"568";2022-08-22;1110;"Sanguinet";"QS";0,12;0,043
"569";2022-08-22;1110;"Sanguinet";"PCQ";0,099;0,039
"570";2022-08-22;1110;"Sanguinet";"PLQ";0,065;0,03
"571";2022-08-22;1111;"Sherbrooke";"QS";0,342;0,074
"572";2022-08-22;1111;"Sherbrooke";"CAQ";0,341;0,07
"573";2022-08-22;1111;"Sherbrooke";"PLQ";0,141;0,045
"574";2022-08-22;1111;"Sherbrooke";"PQ";0,091;0,033
"575";2022-08-22;1111;"Sherbrooke";"PCQ";0,07;0,029
"576";2022-08-22;1112;"Soulanges";"CAQ";0,464;0,076
"577";2022-08-22;1112;"Soulanges";"PLQ";0,266;0,066
"578";2022-08-22;1112;"Soulanges";"PCQ";0,099;0,036
"579";2022-08-22;1112;"Soulanges";"QS";0,098;0,035
"580";2022-08-22;1112;"Soulanges";"PQ";0,058;0,025
"581";2022-08-22;1113;"Taillon";"CAQ";0,468;0,074
"582";2022-08-22;1113;"Taillon";"PQ";0,167;0,049
"583";2022-08-22;1113;"Taillon";"QS";0,147;0,046
"584";2022-08-22;1113;"Taillon";"PCQ";0,119;0,04
"585";2022-08-22;1113;"Taillon";"PLQ";0,083;0,031
"586";2022-08-22;1114;"Taschereau";"QS";0,398;0,077
"587";2022-08-22;1114;"Taschereau";"CAQ";0,264;0,063
"588";2022-08-22;1114;"Taschereau";"PQ";0,153;0,047
"589";2022-08-22;1114;"Taschereau";"PCQ";0,087;0,033
"590";2022-08-22;1114;"Taschereau";"PLQ";0,083;0,032
"591";2022-08-22;1115;"Terrebonne";"CAQ";0,517;0,075
"592";2022-08-22;1115;"Terrebonne";"PQ";0,163;0,049
"593";2022-08-22;1115;"Terrebonne";"PCQ";0,141;0,045
"594";2022-08-22;1115;"Terrebonne";"QS";0,108;0,038
"595";2022-08-22;1115;"Terrebonne";"PLQ";0,056;0,024
"596";2022-08-22;1116;"Trois-Rivières";"CAQ";0,51;0,074
"597";2022-08-22;1116;"Trois-Rivières";"QS";0,137;0,044
"598";2022-08-22;1116;"Trois-Rivières";"PCQ";0,133;0,043
"599";2022-08-22;1116;"Trois-Rivières";"PLQ";0,118;0,04
"600";2022-08-22;1116;"Trois-Rivières";"PQ";0,087;0,032
"601";2022-08-22;1117;"Ungava";"CAQ";0,374;0,081
"602";2022-08-22;1117;"Ungava";"PLQ";0,245;0,071
"603";2022-08-22;1117;"Ungava";"PQ";0,151;0,055
"604";2022-08-22;1117;"Ungava";"QS";0,143;0,053
"605";2022-08-22;1117;"Ungava";"PCQ";0,07;0,035
"606";2022-08-22;1118;"Vachon";"CAQ";0,519;0,075
"607";2022-08-22;1118;"Vachon";"QS";0,125;0,042
"608";2022-08-22;1118;"Vachon";"PCQ";0,118;0,041
"609";2022-08-22;1118;"Vachon";"PLQ";0,115;0,04
"610";2022-08-22;1118;"Vachon";"PQ";0,111;0,039
"611";2022-08-22;1119;"Vanier-Les Rivières";"CAQ";0,416;0,074
"612";2022-08-22;1119;"Vanier-Les Rivières";"PCQ";0,276;0,067
"613";2022-08-22;1119;"Vanier-Les Rivières";"PLQ";0,122;0,04
"614";2022-08-22;1119;"Vanier-Les Rivières";"QS";0,097;0,034
"615";2022-08-22;1119;"Vanier-Les Rivières";"PQ";0,076;0,029
"616";2022-08-22;1120;"Vaudreuil";"CAQ";0,4;0,074
"617";2022-08-22;1120;"Vaudreuil";"PLQ";0,32;0,071
"618";2022-08-22;1120;"Vaudreuil";"QS";0,115;0,039
"619";2022-08-22;1120;"Vaudreuil";"PCQ";0,086;0,032
"620";2022-08-22;1120;"Vaudreuil";"PQ";0,057;0,024
"621";2022-08-22;1120;"Vaudreuil";"PVQ";0,013;0,012
"622";2022-08-22;1121;"Verchères";"CAQ";0,468;0,075
"623";2022-08-22;1121;"Verchères";"PQ";0,242;0,062
"624";2022-08-22;1121;"Verchères";"QS";0,137;0,043
"625";2022-08-22;1121;"Verchères";"PCQ";0,093;0,034
"626";2022-08-22;1121;"Verchères";"PLQ";0,046;0,021
"627";2022-08-22;1122;"Verdun";"CAQ";0,291;0,064
"628";2022-08-22;1122;"Verdun";"QS";0,264;0,064
"629";2022-08-22;1122;"Verdun";"PLQ";0,26;0,064
"630";2022-08-22;1122;"Verdun";"PQ";0,091;0,033
"631";2022-08-22;1122;"Verdun";"PCQ";0,068;0,028
"632";2022-08-22;1122;"Verdun";"PVQ";0,016;0,014
"633";2022-08-22;1123;"Viau";"PLQ";0,338;0,074
"634";2022-08-22;1123;"Viau";"QS";0,263;0,066
"635";2022-08-22;1123;"Viau";"CAQ";0,257;0,062
"636";2022-08-22;1123;"Viau";"PCQ";0,082;0,032
"637";2022-08-22;1123;"Viau";"PQ";0,047;0,022
"638";2022-08-22;1124;"Vimont";"CAQ";0,383;0,075
"639";2022-08-22;1124;"Vimont";"PLQ";0,321;0,073
"640";2022-08-22;1124;"Vimont";"QS";0,109;0,039
"641";2022-08-22;1124;"Vimont";"PCQ";0,099;0,037
"642";2022-08-22;1124;"Vimont";"PQ";0,068;0,029
"643";2022-08-22;1125;"Westmount–Saint-Louis";"PLQ";0,574;0,076
"644";2022-08-22;1125;"Westmount–Saint-Louis";"CAQ";0,151;0,045
"645";2022-08-22;1125;"Westmount–Saint-Louis";"PCQ";0,129;0,043
"646";2022-08-22;1125;"Westmount–Saint-Louis";"QS";0,087;0,032
"647";2022-08-22;1125;"Westmount–Saint-Louis";"PQ";0,029;0,016
"648";2022-08-22;1125;"Westmount–Saint-Louis";"PVQ";0,02;0,016
